{
  "id": "2114620",
  "name": "恭汇商城",
  "font_family": "iconfont",
  "css_prefix_text": "icon-",
  "description": "",
  "glyphs": [
    {
      "icon_id": "201525",
      "name": "礼物 活动",
      "font_class": "liwuhuodong",
      "unicode": "e60d",
      "unicode_decimal": 58893
    },
    {
      "icon_id": "279933",
      "name": "供应商",
      "font_class": "supplier",
      "unicode": "e60f",
      "unicode_decimal": 58895
    },
    {
      "icon_id": "830925",
      "name": "积分",
      "font_class": "jifen1",
      "unicode": "e631",
      "unicode_decimal": 58929
    },
    {
      "icon_id": "840997",
      "name": "待付款",
      "font_class": "icon",
      "unicode": "e668",
      "unicode_decimal": 58984
    },
    {
      "icon_id": "1212184",
      "name": "待收货",
      "font_class": "daishouhuo",
      "unicode": "e625",
      "unicode_decimal": 58917
    },
    {
      "icon_id": "1221715",
      "name": "拼团购",
      "font_class": "pintuangou",
      "unicode": "e635",
      "unicode_decimal": 58933
    },
    {
      "icon_id": "2028394",
      "name": "评价",
      "font_class": "pingjia",
      "unicode": "e621",
      "unicode_decimal": 58913
    },
    {
      "icon_id": "2121735",
      "name": "更多拼团",
      "font_class": "gengduopintuan",
      "unicode": "e610",
      "unicode_decimal": 58896
    },
    {
      "icon_id": "2270310",
      "name": "转发",
      "font_class": "web-icon-",
      "unicode": "e6e7",
      "unicode_decimal": 59111
    },
    {
      "icon_id": "2593578",
      "name": "群聊",
      "font_class": "qunliao",
      "unicode": "e611",
      "unicode_decimal": 58897
    },
    {
      "icon_id": "4143500",
      "name": "会员管理",
      "font_class": "huiyuanguanli",
      "unicode": "e612",
      "unicode_decimal": 58898
    },
    {
      "icon_id": "6665573",
      "name": "资讯动态",
      "font_class": "airudiantubiaohuizhi-zhuanqu_zixundongtai",
      "unicode": "e69d",
      "unicode_decimal": 59037
    },
    {
      "icon_id": "6756283",
      "name": "团队",
      "font_class": "tuandui",
      "unicode": "e613",
      "unicode_decimal": 58899
    },
    {
      "icon_id": "8220806",
      "name": "办结-建议",
      "font_class": "bj-jy",
      "unicode": "e81d",
      "unicode_decimal": 59421
    },
    {
      "icon_id": "8361895",
      "name": "会员1",
      "font_class": "huiyuan",
      "unicode": "e6da",
      "unicode_decimal": 59098
    },
    {
      "icon_id": "8655870",
      "name": "活动",
      "font_class": "huodong",
      "unicode": "e64d",
      "unicode_decimal": 58957
    },
    {
      "icon_id": "13868183",
      "name": "项目推广",
      "font_class": "tuiguang",
      "unicode": "e655",
      "unicode_decimal": 58965
    },
    {
      "icon_id": "14435483",
      "name": "地址",
      "font_class": "dizhi1",
      "unicode": "e659",
      "unicode_decimal": 58969
    },
    {
      "icon_id": "14721007",
      "name": "学士帽 学习 毕业",
      "font_class": "xueshimaoxuexibiye",
      "unicode": "e62c",
      "unicode_decimal": 58924
    },
    {
      "icon_id": "15077422",
      "name": "待发货",
      "font_class": "daifahuo",
      "unicode": "e63b",
      "unicode_decimal": 58939
    },
    {
      "icon_id": "15449926",
      "name": "我的店铺",
      "font_class": "wodeziliao",
      "unicode": "e616",
      "unicode_decimal": 58902
    },
    {
      "icon_id": "16846477",
      "name": "钱袋",
      "font_class": "huaban27",
      "unicode": "e700",
      "unicode_decimal": 59136
    },
    {
      "icon_id": "14055528",
      "name": "vip",
      "font_class": "vip3",
      "unicode": "e60c",
      "unicode_decimal": 58892
    },
    {
      "icon_id": "11881623",
      "name": "商品",
      "font_class": "shangpin1",
      "unicode": "e6a4",
      "unicode_decimal": 59044
    },
    {
      "icon_id": "11908036",
      "name": "编 辑",
      "font_class": "bianji",
      "unicode": "e609",
      "unicode_decimal": 58889
    },
    {
      "icon_id": "12615393",
      "name": "vip",
      "font_class": "vip",
      "unicode": "e680",
      "unicode_decimal": 59008
    },
    {
      "icon_id": "12668189",
      "name": "素质评价",
      "font_class": "suzhipingjia",
      "unicode": "e64a",
      "unicode_decimal": 58954
    },
    {
      "icon_id": "13018130",
      "name": "朋友圈",
      "font_class": "pengyouquan",
      "unicode": "e685",
      "unicode_decimal": 59013
    },
    {
      "icon_id": "13159542",
      "name": "通用-火爆",
      "font_class": "huobao",
      "unicode": "e602",
      "unicode_decimal": 58882
    },
    {
      "icon_id": "13418844",
      "name": "vip",
      "font_class": "vip1",
      "unicode": "e669",
      "unicode_decimal": 58985
    },
    {
      "icon_id": "13419460",
      "name": "必填",
      "font_class": "bitian",
      "unicode": "e61c",
      "unicode_decimal": 58908
    },
    {
      "icon_id": "13859893",
      "name": "编 辑",
      "font_class": "bianji1",
      "unicode": "e620",
      "unicode_decimal": 58912
    },
    {
      "icon_id": "13887194",
      "name": "收 藏",
      "font_class": "shoucang",
      "unicode": "e688",
      "unicode_decimal": 59016
    },
    {
      "icon_id": "14030134",
      "name": "金 币",
      "font_class": "jinbi1",
      "unicode": "e746",
      "unicode_decimal": 59206
    },
    {
      "icon_id": "14050460",
      "name": "版本",
      "font_class": "banben",
      "unicode": "e603",
      "unicode_decimal": 58883
    },
    {
      "icon_id": "14401855",
      "name": "二维码",
      "font_class": "qrqcode",
      "unicode": "e605",
      "unicode_decimal": 58885
    },
    {
      "icon_id": "14421415",
      "name": "vip",
      "font_class": "vip2",
      "unicode": "e606",
      "unicode_decimal": 58886
    },
    {
      "icon_id": "14472508",
      "name": "客服",
      "font_class": "kefu",
      "unicode": "e647",
      "unicode_decimal": 58951
    },
    {
      "icon_id": "14543133",
      "name": "倒三角",
      "font_class": "daosanjiao",
      "unicode": "e62b",
      "unicode_decimal": 58923
    },
    {
      "icon_id": "14653428",
      "name": "视频",
      "font_class": "shipin",
      "unicode": "e607",
      "unicode_decimal": 58887
    },
    {
      "icon_id": "14742125",
      "name": "导师 (2)",
      "font_class": "daoshi2",
      "unicode": "e63e",
      "unicode_decimal": 58942
    },
    {
      "icon_id": "14953625",
      "name": "添加收藏",
      "font_class": "tianjiashoucang",
      "unicode": "e6d4",
      "unicode_decimal": 59092
    },
    {
      "icon_id": "14978685",
      "name": "免密支付",
      "font_class": "mianmizhifu",
      "unicode": "e60a",
      "unicode_decimal": 58890
    },
    {
      "icon_id": "15036679",
      "name": "身份证人像面",
      "font_class": "shenfenzheng",
      "unicode": "e658",
      "unicode_decimal": 58968
    },
    {
      "icon_id": "15407706",
      "name": "001关爱人员",
      "font_class": "001guanairenyuan",
      "unicode": "e6a5",
      "unicode_decimal": 59045
    },
    {
      "icon_id": "15546141",
      "name": "普通会员",
      "font_class": "putonghuiyuan",
      "unicode": "e623",
      "unicode_decimal": 58915
    },
    {
      "icon_id": "15782407",
      "name": "无",
      "font_class": "wu",
      "unicode": "e624",
      "unicode_decimal": 58916
    },
    {
      "icon_id": "16519345",
      "name": "绩效",
      "font_class": "jixiao",
      "unicode": "e664",
      "unicode_decimal": 58980
    },
    {
      "icon_id": "198942",
      "name": "钱",
      "font_class": "qian",
      "unicode": "e639",
      "unicode_decimal": 58937
    },
    {
      "icon_id": "538489",
      "name": "加",
      "font_class": "jia",
      "unicode": "e641",
      "unicode_decimal": 58945
    },
    {
      "icon_id": "1011697",
      "name": "老板",
      "font_class": "laoban",
      "unicode": "e63c",
      "unicode_decimal": 58940
    },
    {
      "icon_id": "1722208",
      "name": "赚钱",
      "font_class": "zhuanqian",
      "unicode": "e662",
      "unicode_decimal": 58978
    },
    {
      "icon_id": "1868075",
      "name": "足迹",
      "font_class": "zuji",
      "unicode": "e62a",
      "unicode_decimal": 58922
    },
    {
      "icon_id": "2204213",
      "name": "分享链接",
      "font_class": "huaban",
      "unicode": "e636",
      "unicode_decimal": 58934
    },
    {
      "icon_id": "2564661",
      "name": "VIP",
      "font_class": "VIP",
      "unicode": "e7fa",
      "unicode_decimal": 59386
    },
    {
      "icon_id": "3107210",
      "name": "垃圾桶",
      "font_class": "lajitong",
      "unicode": "e6d0",
      "unicode_decimal": 59088
    },
    {
      "icon_id": "3580737",
      "name": "订单",
      "font_class": "icon-",
      "unicode": "e600",
      "unicode_decimal": 58880
    },
    {
      "icon_id": "3614171",
      "name": "收货地址",
      "font_class": "dizhi",
      "unicode": "e622",
      "unicode_decimal": 58914
    },
    {
      "icon_id": "3618282",
      "name": "管理者",
      "font_class": "manager",
      "unicode": "e6bb",
      "unicode_decimal": 59067
    },
    {
      "icon_id": "3895276",
      "name": "微信二维码",
      "font_class": "weixinerweima",
      "unicode": "e61d",
      "unicode_decimal": 58909
    },
    {
      "icon_id": "4059728",
      "name": "图片",
      "font_class": "tupian",
      "unicode": "e608",
      "unicode_decimal": 58888
    },
    {
      "icon_id": "4141175",
      "name": "账户与安全",
      "font_class": "zhanghuyuanquan",
      "unicode": "e6b5",
      "unicode_decimal": 59061
    },
    {
      "icon_id": "4428748",
      "name": "礼物",
      "font_class": "liwu",
      "unicode": "e663",
      "unicode_decimal": 58979
    },
    {
      "icon_id": "4950658",
      "name": "商品",
      "font_class": "shangpin",
      "unicode": "e6cb",
      "unicode_decimal": 59083
    },
    {
      "icon_id": "5311338",
      "name": "无订单",
      "font_class": "wudingdan",
      "unicode": "e638",
      "unicode_decimal": 58936
    },
    {
      "icon_id": "5835466",
      "name": "关注",
      "font_class": "guanzhu",
      "unicode": "e60e",
      "unicode_decimal": 58894
    },
    {
      "icon_id": "6610481",
      "name": "主播",
      "font_class": "zhubo",
      "unicode": "e72a",
      "unicode_decimal": 59178
    },
    {
      "icon_id": "7078552",
      "name": "会员信息",
      "font_class": "huiyuanxinxi",
      "unicode": "e646",
      "unicode_decimal": 58950
    },
    {
      "icon_id": "7185320",
      "name": "支付",
      "font_class": "zhifu",
      "unicode": "e799",
      "unicode_decimal": 59289
    },
    {
      "icon_id": "7827919",
      "name": "积分",
      "font_class": "jifen",
      "unicode": "e626",
      "unicode_decimal": 58918
    },
    {
      "icon_id": "7982622",
      "name": "线下活动",
      "font_class": "xianxiahuodong",
      "unicode": "e70f",
      "unicode_decimal": 59151
    },
    {
      "icon_id": "8325872",
      "name": "店长",
      "font_class": "dianchang",
      "unicode": "e717",
      "unicode_decimal": 59159
    },
    {
      "icon_id": "8402973",
      "name": "金币",
      "font_class": "jinbi",
      "unicode": "e601",
      "unicode_decimal": 58881
    },
    {
      "icon_id": "9027591",
      "name": "明星",
      "font_class": "mingxing",
      "unicode": "e63a",
      "unicode_decimal": 58938
    },
    {
      "icon_id": "9473242",
      "name": "品牌",
      "font_class": "pinpai",
      "unicode": "e637",
      "unicode_decimal": 58935
    },
    {
      "icon_id": "9709710",
      "name": "合伙人",
      "font_class": "hehuoren",
      "unicode": "e705",
      "unicode_decimal": 59141
    },
    {
      "icon_id": "9814403",
      "name": "视频 播放",
      "font_class": "shipinbofang",
      "unicode": "e674",
      "unicode_decimal": 58996
    },
    {
      "icon_id": "9880187",
      "name": "添加",
      "font_class": "add",
      "unicode": "e6ac",
      "unicode_decimal": 59052
    },
    {
      "icon_id": "10319854",
      "name": "身份证国徽面",
      "font_class": "shenfenzhengguohuimian",
      "unicode": "e6db",
      "unicode_decimal": 59099
    },
    {
      "icon_id": "10319857",
      "name": "身份证人像面",
      "font_class": "shenfenzhengrenxiangmian",
      "unicode": "e6dc",
      "unicode_decimal": 59100
    },
    {
      "icon_id": "10371564",
      "name": "实名认证",
      "font_class": "shenfenzhenghaomaguizheng",
      "unicode": "e6ab",
      "unicode_decimal": 59051
    },
    {
      "icon_id": "10536218",
      "name": "上传凭证",
      "font_class": "shangchuanpingzheng",
      "unicode": "e648",
      "unicode_decimal": 58952
    },
    {
      "icon_id": "10660973",
      "name": "清除",
      "font_class": "qingchu",
      "unicode": "e627",
      "unicode_decimal": 58919
    },
    {
      "icon_id": "11215482",
      "name": "官方客服",
      "font_class": "guanfangkefu",
      "unicode": "e604",
      "unicode_decimal": 58884
    },
    {
      "icon_id": "11253141",
      "name": "暂无余额记录",
      "font_class": "lujing",
      "unicode": "e60b",
      "unicode_decimal": 58891
    }
  ]
}
